path,resolution,series,sys_id,pos_id,img_id,format,date
4000/fallow-flow_10_pos1001_seed1012.png,4000,fallow-flow,10,pos1001,seed1012,png,2021-10-05
800/fallow-flow_10_pos1001_seed1012.png,800,fallow-flow,10,pos1001,seed1012,png,2021-10-05
4000/fallow-flow_10_pos1002_seed1118.png,4000,fallow-flow,10,pos1002,seed1118,png,2021-10-05
800/fallow-flow_10_pos1002_seed1118.png,800,fallow-flow,10,pos1002,seed1118,png,2021-10-05
4000/fallow-flow_10_pos1003_seed1157.png,4000,fallow-flow,10,pos1003,seed1157,png,2021-10-05
800/fallow-flow_10_pos1003_seed1157.png,800,fallow-flow,10,pos1003,seed1157,png,2021-10-05
4000/fallow-flow_10_pos1004_seed1056.png,4000,fallow-flow,10,pos1004,seed1056,png,2021-10-05
800/fallow-flow_10_pos1004_seed1056.png,800,fallow-flow,10,pos1004,seed1056,png,2021-10-05
4000/fallow-flow_10_pos1005_seed1057.png,4000,fallow-flow,10,pos1005,seed1057,png,2021-10-05
800/fallow-flow_10_pos1005_seed1057.png,800,fallow-flow,10,pos1005,seed1057,png,2021-10-05
4000/fallow-flow_10_pos1006_seed1160.png,4000,fallow-flow,10,pos1006,seed1160,png,2021-10-05
800/fallow-flow_10_pos1006_seed1160.png,800,fallow-flow,10,pos1006,seed1160,png,2021-10-05
4000/fallow-flow_10_pos1007_seed1095.png,4000,fallow-flow,10,pos1007,seed1095,png,2021-10-05
800/fallow-flow_10_pos1007_seed1095.png,800,fallow-flow,10,pos1007,seed1095,png,2021-10-05
4000/fallow-flow_10_pos1008_seed1021.png,4000,fallow-flow,10,pos1008,seed1021,png,2021-10-05
800/fallow-flow_10_pos1008_seed1021.png,800,fallow-flow,10,pos1008,seed1021,png,2021-10-05
4000/fallow-flow_10_pos1009_seed1086.png,4000,fallow-flow,10,pos1009,seed1086,png,2021-10-05
800/fallow-flow_10_pos1009_seed1086.png,800,fallow-flow,10,pos1009,seed1086,png,2021-10-05
4000/fallow-flow_10_pos1010_seed1168.png,4000,fallow-flow,10,pos1010,seed1168,png,2021-10-05
800/fallow-flow_10_pos1010_seed1168.png,800,fallow-flow,10,pos1010,seed1168,png,2021-10-05
4000/fallow-flow_10_pos1011_seed1123.png,4000,fallow-flow,10,pos1011,seed1123,png,2021-10-05
800/fallow-flow_10_pos1011_seed1123.png,800,fallow-flow,10,pos1011,seed1123,png,2021-10-05
4000/fallow-flow_10_pos1012_seed1030.png,4000,fallow-flow,10,pos1012,seed1030,png,2021-10-05
800/fallow-flow_10_pos1012_seed1030.png,800,fallow-flow,10,pos1012,seed1030,png,2021-10-05
4000/fallow-flow_10_pos1013_seed1170.png,4000,fallow-flow,10,pos1013,seed1170,png,2021-10-05
800/fallow-flow_10_pos1013_seed1170.png,800,fallow-flow,10,pos1013,seed1170,png,2021-10-05
4000/fallow-flow_10_pos1014_seed1033.png,4000,fallow-flow,10,pos1014,seed1033,png,2021-10-05
800/fallow-flow_10_pos1014_seed1033.png,800,fallow-flow,10,pos1014,seed1033,png,2021-10-05
4000/fallow-flow_10_pos1015_seed1034.png,4000,fallow-flow,10,pos1015,seed1034,png,2021-10-05
800/fallow-flow_10_pos1015_seed1034.png,800,fallow-flow,10,pos1015,seed1034,png,2021-10-05
4000/fallow-flow_10_pos1016_seed1176.png,4000,fallow-flow,10,pos1016,seed1176,png,2021-10-05
800/fallow-flow_10_pos1016_seed1176.png,800,fallow-flow,10,pos1016,seed1176,png,2021-10-05
4000/fallow-flow_10_pos1017_seed1038.png,4000,fallow-flow,10,pos1017,seed1038,png,2021-10-05
800/fallow-flow_10_pos1017_seed1038.png,800,fallow-flow,10,pos1017,seed1038,png,2021-10-05
4000/fallow-flow_10_pos1018_seed1032.png,4000,fallow-flow,10,pos1018,seed1032,png,2021-10-05
800/fallow-flow_10_pos1018_seed1032.png,800,fallow-flow,10,pos1018,seed1032,png,2021-10-05
4000/fallow-flow_10_pos1019_seed1023.png,4000,fallow-flow,10,pos1019,seed1023,png,2021-10-05
800/fallow-flow_10_pos1019_seed1023.png,800,fallow-flow,10,pos1019,seed1023,png,2021-10-05
4000/fallow-flow_10_pos1020_seed1014.png,4000,fallow-flow,10,pos1020,seed1014,png,2021-10-05
800/fallow-flow_10_pos1020_seed1014.png,800,fallow-flow,10,pos1020,seed1014,png,2021-10-05
4000/fallow-flow_10_pos1021_seed1149.png,4000,fallow-flow,10,pos1021,seed1149,png,2021-10-05
800/fallow-flow_10_pos1021_seed1149.png,800,fallow-flow,10,pos1021,seed1149,png,2021-10-05
4000/fallow-flow_10_pos1022_seed1013.png,4000,fallow-flow,10,pos1022,seed1013,png,2021-10-05
800/fallow-flow_10_pos1022_seed1013.png,800,fallow-flow,10,pos1022,seed1013,png,2021-10-05
4000/fallow-flow_10_pos1023_seed1183.png,4000,fallow-flow,10,pos1023,seed1183,png,2021-10-05
800/fallow-flow_10_pos1023_seed1183.png,800,fallow-flow,10,pos1023,seed1183,png,2021-10-05
4000/fallow-flow_10_pos1024_seed1054.png,4000,fallow-flow,10,pos1024,seed1054,png,2021-10-05
800/fallow-flow_10_pos1024_seed1054.png,800,fallow-flow,10,pos1024,seed1054,png,2021-10-05
4000/fallow-flow_10_pos1025_seed1190.png,4000,fallow-flow,10,pos1025,seed1190,png,2021-10-05
800/fallow-flow_10_pos1025_seed1190.png,800,fallow-flow,10,pos1025,seed1190,png,2021-10-05
4000/fallow-flow_10_pos1026_seed1134.png,4000,fallow-flow,10,pos1026,seed1134,png,2021-10-05
800/fallow-flow_10_pos1026_seed1134.png,800,fallow-flow,10,pos1026,seed1134,png,2021-10-05
4000/fallow-flow_10_pos1027_seed1159.png,4000,fallow-flow,10,pos1027,seed1159,png,2021-10-05
800/fallow-flow_10_pos1027_seed1159.png,800,fallow-flow,10,pos1027,seed1159,png,2021-10-05
4000/fallow-flow_10_pos1028_seed1153.png,4000,fallow-flow,10,pos1028,seed1153,png,2021-10-05
800/fallow-flow_10_pos1028_seed1153.png,800,fallow-flow,10,pos1028,seed1153,png,2021-10-05
4000/fallow-flow_10_pos1029_seed1045.png,4000,fallow-flow,10,pos1029,seed1045,png,2021-10-05
800/fallow-flow_10_pos1029_seed1045.png,800,fallow-flow,10,pos1029,seed1045,png,2021-10-05
4000/fallow-flow_10_pos1030_seed1199.png,4000,fallow-flow,10,pos1030,seed1199,png,2021-10-05
800/fallow-flow_10_pos1030_seed1199.png,800,fallow-flow,10,pos1030,seed1199,png,2021-10-05
4000/fallow-flow_10_pos1031_seed1101.png,4000,fallow-flow,10,pos1031,seed1101,png,2021-10-05
800/fallow-flow_10_pos1031_seed1101.png,800,fallow-flow,10,pos1031,seed1101,png,2021-10-05
4000/fallow-flow_10_pos1032_seed1053.png,4000,fallow-flow,10,pos1032,seed1053,png,2021-10-05
800/fallow-flow_10_pos1032_seed1053.png,800,fallow-flow,10,pos1032,seed1053,png,2021-10-05
4000/fallow-flow_10_pos1033_seed1028.png,4000,fallow-flow,10,pos1033,seed1028,png,2021-10-05
800/fallow-flow_10_pos1033_seed1028.png,800,fallow-flow,10,pos1033,seed1028,png,2021-10-05
4000/fallow-flow_10_pos1034_seed1016.png,4000,fallow-flow,10,pos1034,seed1016,png,2021-10-05
800/fallow-flow_10_pos1034_seed1016.png,800,fallow-flow,10,pos1034,seed1016,png,2021-10-05
4000/fallow-flow_10_pos1035_seed1186.png,4000,fallow-flow,10,pos1035,seed1186,png,2021-10-05
800/fallow-flow_10_pos1035_seed1186.png,800,fallow-flow,10,pos1035,seed1186,png,2021-10-05
4000/fallow-flow_10_pos1036_seed1172.png,4000,fallow-flow,10,pos1036,seed1172,png,2021-10-05
800/fallow-flow_10_pos1036_seed1172.png,800,fallow-flow,10,pos1036,seed1172,png,2021-10-05
4000/fallow-flow_10_pos1037_seed1072.png,4000,fallow-flow,10,pos1037,seed1072,png,2021-10-05
800/fallow-flow_10_pos1037_seed1072.png,800,fallow-flow,10,pos1037,seed1072,png,2021-10-05
4000/fallow-flow_10_pos1038_seed1107.png,4000,fallow-flow,10,pos1038,seed1107,png,2021-10-05
800/fallow-flow_10_pos1038_seed1107.png,800,fallow-flow,10,pos1038,seed1107,png,2021-10-05
4000/fallow-flow_10_pos1039_seed1114.png,4000,fallow-flow,10,pos1039,seed1114,png,2021-10-05
800/fallow-flow_10_pos1039_seed1114.png,800,fallow-flow,10,pos1039,seed1114,png,2021-10-05
4000/fallow-flow_10_pos1040_seed1078.png,4000,fallow-flow,10,pos1040,seed1078,png,2021-10-05
800/fallow-flow_10_pos1040_seed1078.png,800,fallow-flow,10,pos1040,seed1078,png,2021-10-05
4000/fallow-flow_10_pos1041_seed1192.png,4000,fallow-flow,10,pos1041,seed1192,png,2021-10-05
800/fallow-flow_10_pos1041_seed1192.png,800,fallow-flow,10,pos1041,seed1192,png,2021-10-05
4000/fallow-flow_10_pos1042_seed1006.png,4000,fallow-flow,10,pos1042,seed1006,png,2021-10-05
800/fallow-flow_10_pos1042_seed1006.png,800,fallow-flow,10,pos1042,seed1006,png,2021-10-05
4000/fallow-flow_10_pos1043_seed1092.png,4000,fallow-flow,10,pos1043,seed1092,png,2021-10-05
800/fallow-flow_10_pos1043_seed1092.png,800,fallow-flow,10,pos1043,seed1092,png,2021-10-05
4000/fallow-flow_10_pos1044_seed1197.png,4000,fallow-flow,10,pos1044,seed1197,png,2021-10-05
800/fallow-flow_10_pos1044_seed1197.png,800,fallow-flow,10,pos1044,seed1197,png,2021-10-05
4000/fallow-flow_10_pos1045_seed1193.png,4000,fallow-flow,10,pos1045,seed1193,png,2021-10-05
800/fallow-flow_10_pos1045_seed1193.png,800,fallow-flow,10,pos1045,seed1193,png,2021-10-05
4000/fallow-flow_10_pos1046_seed1031.png,4000,fallow-flow,10,pos1046,seed1031,png,2021-10-05
800/fallow-flow_10_pos1046_seed1031.png,800,fallow-flow,10,pos1046,seed1031,png,2021-10-05
4000/fallow-flow_10_pos1047_seed1136.png,4000,fallow-flow,10,pos1047,seed1136,png,2021-10-05
800/fallow-flow_10_pos1047_seed1136.png,800,fallow-flow,10,pos1047,seed1136,png,2021-10-05
4000/fallow-flow_10_pos1048_seed1189.png,4000,fallow-flow,10,pos1048,seed1189,png,2021-10-05
800/fallow-flow_10_pos1048_seed1189.png,800,fallow-flow,10,pos1048,seed1189,png,2021-10-05
4000/fallow-flow_10_pos1049_seed1108.png,4000,fallow-flow,10,pos1049,seed1108,png,2021-10-05
800/fallow-flow_10_pos1049_seed1108.png,800,fallow-flow,10,pos1049,seed1108,png,2021-10-05
4000/fallow-flow_10_pos1050_seed1175.png,4000,fallow-flow,10,pos1050,seed1175,png,2021-10-05
800/fallow-flow_10_pos1050_seed1175.png,800,fallow-flow,10,pos1050,seed1175,png,2021-10-05
4000/fallow-flow_10_pos1051_seed1015.png,4000,fallow-flow,10,pos1051,seed1015,png,2021-10-05
800/fallow-flow_10_pos1051_seed1015.png,800,fallow-flow,10,pos1051,seed1015,png,2021-10-05
4000/fallow-flow_10_pos1052_seed1027.png,4000,fallow-flow,10,pos1052,seed1027,png,2021-10-05
800/fallow-flow_10_pos1052_seed1027.png,800,fallow-flow,10,pos1052,seed1027,png,2021-10-05
4000/fallow-flow_10_pos1053_seed1130.png,4000,fallow-flow,10,pos1053,seed1130,png,2021-10-05
800/fallow-flow_10_pos1053_seed1130.png,800,fallow-flow,10,pos1053,seed1130,png,2021-10-05
4000/fallow-flow_10_pos1054_seed1085.png,4000,fallow-flow,10,pos1054,seed1085,png,2021-10-05
800/fallow-flow_10_pos1054_seed1085.png,800,fallow-flow,10,pos1054,seed1085,png,2021-10-05
4000/fallow-flow_10_pos1055_seed1080.png,4000,fallow-flow,10,pos1055,seed1080,png,2021-10-05
800/fallow-flow_10_pos1055_seed1080.png,800,fallow-flow,10,pos1055,seed1080,png,2021-10-05
4000/fallow-flow_10_pos1056_seed1112.png,4000,fallow-flow,10,pos1056,seed1112,png,2021-10-05
800/fallow-flow_10_pos1056_seed1112.png,800,fallow-flow,10,pos1056,seed1112,png,2021-10-05
